INSERT INTO dbo.Statuses(StatusId, Status)
 VALUES (0, N'Received'),
 (1, N'Accessioning'),
 (2, N'In Lab'),
 (3, N'Report Generation');


INSERT INTO dbo.Users (UserId, FirstName, LastName)
VALUES (0, N'Kristine', N'Butler'),
	(1,'Alfred', N'McKenzie'),
    (2,N'Cora', N'Hunt'),
    (3,N'Brad', N'Huff'),
    (4,N'Dewey', N'McDonald'),
    (5,N'Orlando', N'Holt'),
    (6,N'Clint', N'Reid'),
    (7,N'Kim', N'Mullins'),
    (8,N'Blanche', N'Mack'),
    (9,N'Dwayne', N'Pena');

INSERT INTO dbo.Samples (SampleId, Barcode, CreatedAt, CreatedBy, StatusId)
VALUES (1, N'129076', N'2015-01-02', 6, 3),
    (2, N'850314', N'2015-06-15', 7, 3),
    (3, N'176033', N'2015-07-31', 7, 0),
    (4, N'129629', N'2015-01-21', 3, 0),
    (5, N'773561', N'2015-02-21', 9, 1),
    (6, N'255253', N'2015-05-13', 9, 0),
    (7, N'693294', N'2015-05-11', 3, 2),
    (8, N'455116', N'2015-09-13', 6, 0),
    (9, N'280561', N'2015-04-08', 5, 3),
    (10, N'863760', N'2016-01-25', 0, 3),
    (11, N'211102', N'2015-08-24', 4, 2),
    (12, N'193882', N'2016-01-23', 8, 1),
    (13, N'502533', N'2016-03-08', 2, 1),
    (14, N'371726', N'2015-04-15', 8, 1),
    (15, N'807891', N'2015-05-17', 2, 1),
    (16, N'845318', N'2016-03-22', 7, 1),
    (17, N'601386', N'2015-11-18', 3, 1),
    (18, N'978804', N'2015-05-31', 5, 2),
    (19, N'759456', N'2015-09-23', 8, 2),
    (20, N'949933', N'2015-07-04', 0, 3),
    (21, N'411443', N'2015-03-16', 3, 0),
    (22, N'202485', N'2015-09-03', 0, 3),
    (23, N'737715', N'2015-10-07', 0, 1),
    (24, N'106957', N'2015-10-03', 7, 1),
    (25, N'561154', N'2016-02-23', 9, 1),
    (26, N'923720', N'2015-06-09', 2, 1),
    (27, N'985114', N'2015-04-17', 4, 0),
    (28, N'544078', N'2015-06-16', 6, 3),
    (29, N'605315', N'2015-06-23', 7, 0),
    (30, N'588963', N'2015-02-13', 7, 1),
    (31, N'646434', N'2015-08-23', 0, 2),
    (32, N'819931', N'2015-11-10', 0, 2),
    (33, N'978799', N'2015-11-06', 2, 3),
    (34, N'250878', N'2016-03-14', 6, 1),
    (35, N'499463', N'2015-10-20', 5, 3),
    (36, N'261808', N'2015-09-25', 5, 3),
    (37, N'496077', N'2015-04-12', 8, 2),
    (38, N'939988', N'2015-05-15', 4, 2),
    (39, N'142598', N'2015-06-04', 7, 1),
    (40, N'648235', N'2015-12-26', 6, 2),
    (41, N'949270', N'2015-10-22', 0, 0),
    (42, N'606179', N'2015-10-12', 5, 2),
    (43, N'762654', N'2016-03-04', 2, 0),
    (44, N'230403', N'2015-07-20', 5, 1),
    (45, N'419103', N'2016-02-09', 2, 0),
    (46, N'105914', N'2016-01-19', 5, 3),
    (47, N'292591', N'2016-04-04', 0, 2),
    (48, N'460439', N'2016-03-25', 2, 3),
    (49, N'905492', N'2015-02-13', 4, 0),
    (50, N'454128', N'2015-09-20', 2, 1),
    (51, N'245743', N'2015-04-17', 2, 0),
    (52, N'127239', N'2015-09-24', 3, 3),
    (53, N'747765', N'2015-10-16', 5, 0),
    (54, N'141601', N'2015-03-31', 2, 1),
    (55, N'427192', N'2015-03-01', 3, 3),
    (56, N'779537', N'2015-04-25', 3, 0),
    (57, N'614487', N'2015-12-04', 8, 3),
    (58, N'771285', N'2015-12-24', 7, 3),
    (59, N'868108', N'2016-01-21', 5, 3),
    (60, N'586986', N'2015-11-07', 1, 3),
    (61, N'957210', N'2015-01-28', 0, 3),
    (62, N'925265', N'2016-02-09', 6, 2),
    (63, N'229746', N'2015-08-02', 1, 2),
    (64, N'329580', N'2015-05-07', 4, 0),
    (65, N'398802', N'2015-11-18', 3, 1),
    (66, N'793846', N'2016-04-04', 7, 3),
    (67, N'194543', N'2015-01-16', 0, 2),
    (68, N'699892', N'2016-03-06', 5, 2),
    (69, N'849262', N'2015-11-20', 5, 0),
    (70, N'212969', N'2016-02-23', 1, 2),
    (71, N'913224', N'2015-08-17', 6, 3),
    (72, N'283784', N'2015-01-23', 1, 3),
    (73, N'964445', N'2015-03-07', 1, 1),
    (74, N'219254', N'2015-06-11', 7, 2),
    (75, N'136235', N'2015-03-21', 4, 3),
    (76, N'371430', N'2015-03-19', 2, 2),
    (77, N'219597', N'2015-12-12', 3, 3),
    (78, N'721655', N'2016-04-29', 5, 2),
    (79, N'434154', N'2016-02-25', 8, 0),
    (80, N'290254', N'2015-11-02', 9, 2),
    (81, N'736586', N'2015-05-30', 4, 2),
    (82, N'622526', N'2015-11-08', 0, 1),
    (83, N'693936', N'2016-03-21', 1, 0),
    (84, N'529728', N'2015-02-25', 1, 2),
    (85, N'963244', N'2015-11-22', 9, 0),
    (86, N'261164', N'2015-06-26', 9, 2),
    (87, N'986536', N'2016-01-07', 6, 1),
    (88, N'572741', N'2015-12-01', 6, 1),
    (89, N'125921', N'2015-08-03', 2, 2),
    (90, N'262858', N'2015-12-07', 3, 0),
    (91, N'879489', N'2015-09-02', 7, 1),
    (92, N'105797', N'2015-12-26', 6, 1),
    (93, N'806498', N'2015-07-26', 8, 3),
    (94, N'960686', N'2016-04-07', 2, 2),
    (95, N'201332', N'2015-09-19', 4, 0),
    (96, N'405572', N'2015-11-04', 3, 0),
    (97, N'204617', N'2015-09-05', 5, 1),
    (98, N'767548', N'2016-02-09', 7, 2),
    (99, N'363492', N'2015-12-18', 6, 1),
    (100, N'541884', N'2015-07-07', 5, 1);